city,ota_hotel_id,master_id,name,name_en,address,url,rooms_number
Байкальск,grand_baikal,8481257,Отель Гранд Байкал,Grand Bajkal Hotel,"мкр. Красный Ключ, 91, Байкальск",https://ostrovok.ru/hotel/russia/irkutsk/mid8481257/grand_baikal,64
Байкальск,sobolinka_parkhotel_2,9761022,Парк-отель Соболинка,Sobolinka Park-Hotel,"квартал Красный Ключ, д.90, Байкальск",https://ostrovok.ru/hotel/russia/irkutsk/mid9761022/sobolinka_parkhotel_2,38
Братск,taiga_2,6923154,Отель Taiga,Taiga Hotel,"улица Мира, дом 35, Братск",https://ostrovok.ru/hotel/russia/irkutsk/mid6923154/taiga_2,101
Иркутск,evropa_hotel,7828771,Отель Европа,Evropa Hotel,"улица Байкальская, д.69, Иркутск",https://ostrovok.ru/hotel/russia/irkutsk/mid7828771/evropa_hotel,58
Иркутск,angara_hotel,7806182,Ангара Отель,Angara Hotel,"улица Сухэ-Батора, д.7, Иркутск",https://ostrovok.ru/hotel/russia/irkutsk/mid7806182/angara_hotel,300
Усть-Кут,flagman_hotel_4,9081483,Отель Флагман,Flagman Hotel,"Россия, Иркутская область, Усть-Кут, ул. Калинина, д. 8, Усть-Кут",https://ostrovok.ru/hotel/russia/irkutsk/mid9081483/flagman_hotel_4,13
Иркутск,irkutsk_city_center,13384478,Irkutsk City Center,Irkutsk City Center,"ул. Чкалова, д. 15, Иркутск",https://ostrovok.ru/hotel/russia/irkutsk/mid13384478/irkutsk_city_center,206
Иркутск,victory_hotel_4,8457230,Гостиница Виктория,Viktoriya Hotel,"улица Богдана Хмельницкого, д.1 Иркутск, Россия, Иркутск",https://ostrovok.ru/hotel/russia/irkutsk/mid8457230/victory_hotel_4,30
Иркутск,baikal_forest_hotel,9825031,Отель Baikal Forest,Baikal Forest Hotel,"улица Советская, д.58/1, Иркутск",https://ostrovok.ru/hotel/russia/irkutsk/mid9825031/baikal_forest_hotel,156
Листвянка,malinovka_3,9079016,Малиновка,Malinovka,"улица Суворова, д. 5а, Листвянка",https://ostrovok.ru/hotel/russia/irkutsk/mid9079016/malinovka_3,
Хужир,olkhonstory_guest_house,8876953,Ольхон стори,Olkhon Story,"улица Народная, д.19, Хужир",https://ostrovok.ru/hotel/russia/irkutsk/mid8876953/olkhonstory_guest_house,6
Иркутск,tajga_hotel,9767827,Отель Тайга,Tajga Hotel,"улица Сурикова, д.4в, Иркутск",https://ostrovok.ru/hotel/russia/irkutsk/mid9767827/tajga_hotel,44
Хужир,baikal_view_hotel,7681558,Baikal View Hotel,Baikal View Hotel,"улица Российская, д. 17, Хужир",https://ostrovok.ru/hotel/russia/irkutsk/mid7681558/baikal_view_hotel,99
Иркутск,best_eastern_hotel_zvezda,7806155,Отель Звезда,Star Hotel,"улица Ядринцева, д. 1Ж, Иркутск",https://ostrovok.ru/hotel/russia/irkutsk/mid7806155/best_eastern_hotel_zvezda,65
Листвянка,vera_baikal,13308776,Отель Вера Байкал,Vera Baykal Hotel,"улица Горького, 8, Листвянка",https://ostrovok.ru/hotel/russia/irkutsk/mid13308776/vera_baikal,38
Иркутск,dohodnyij_dom_listratvoj_butikhotel,9024017,Отель Доходный дом Листратовой,Dohodnyij Dom Listratovoj Hotel,"Подгорная улица, д.16, Иркутск",https://ostrovok.ru/hotel/russia/irkutsk/mid9024017/dohodnyij_dom_listratvoj_butikhotel,15
Братск,klubnyij_kvartal_apartments,9081992,Клубный Квартал,Klubnyij Kvartal,"бульвар Победы, д.30, Братск",https://ostrovok.ru/hotel/russia/irkutsk/mid9081992/klubnyij_kvartal_apartments,67
Хужир,hotel_khotej,13330760,Отель Хотэй,Khotej Hotel,"Ольхонская улица, 10, Хужир",https://ostrovok.ru/hotel/russia/irkutsk/mid13330760/hotel_khotej,25
Иркутск,kheyvitsa_guest_house,11169967,Отель Гостевой Дом Хейвица,Gostevoj dom Kheyvitsa House,"улица Дзержинского, д. 44, Иркутск",https://ostrovok.ru/hotel/russia/irkutsk/mid11169967/kheyvitsa_guest_house,8
Листвянка,legend_of_baikal,7776712,Отель Легенда Байкала,Legenda Bajkala Hotel,"Улица Исток Ангары, д.11, Листвянка",https://ostrovok.ru/hotel/russia/irkutsk/mid7776712/legend_of_baikal,35
Ангарск,hotel_pushkin_2,6932873,Отель ПушкинЪ,Pushkin`Hotel,"улица Мира, д. 18, Ангарск",https://ostrovok.ru/hotel/russia/irkutsk/mid6932873/hotel_pushkin_2,23
Хужир,lada_8,8878913,Отель Гостиница ЛАДА,Gostinitsa LADA Hotel,"улица Таёжная, д.30, Хужир",https://ostrovok.ru/hotel/russia/irkutsk/mid8878913/lada_8,22
Усть-Илимск,gostinitsa_ustilim,7026078,Усть-Илим,Ust-Ilim,"пр-т Дружбы Народов, д. 2, Усть-Илимск",https://ostrovok.ru/hotel/russia/irkutsk/mid7026078/gostinitsa_ustilim,80
Ангарск,meridian_7,6297237,Отель Меридиан,Meridian hotel,"26 квартал, дом 10, Ангарск",https://ostrovok.ru/hotel/russia/irkutsk/mid6297237/meridian_7,33
Иркутск,matreshka_hotel,6332937,Отель Matreshka,Matreshka Hotel,"Улица Софьи Перовской, д.31/1, Иркутск",https://ostrovok.ru/hotel/russia/irkutsk/mid6332937/matreshka_hotel,35
Иркутск,otel_irkut,8348721,Отель Иркут,Irkut Hotel,"улица Пролетарская, д.7, Иркутск",https://ostrovok.ru/hotel/russia/irkutsk/mid8348721/otel_irkut,30
Иркутск,hotel_premium_hotel_pushkin,13310309,Премиум-отель Пушкин,Pushkin Premium Hotel,"ул. Сухэ-Батора, 18, Иркутск",https://ostrovok.ru/hotel/russia/irkutsk/mid13310309/hotel_premium_hotel_pushkin,46
Хужир,miniotel_gostinitsa_nerpenok,10125589,Нерпенок,Nerpenok,"улица Матросова, 10, Хужир",https://ostrovok.ru/hotel/russia/irkutsk/mid10125589/miniotel_gostinitsa_nerpenok,
Иркутск,rus_hotel_irkutsk,7774831,Гостиничный Комплекс Русь,Rus Hotel,"улица Свердлова, д.19, Иркутск",https://ostrovok.ru/hotel/russia/irkutsk/mid7774831/rus_hotel_irkutsk,56
Хужир,baykal_khan_hotel_olkhon,6848973,Отель Байкал-Хан Ольхон,Bajkal-Han Olhon Hotel,"улица Ворошилова, д. 18, Хужир",https://ostrovok.ru/hotel/russia/irkutsk/mid6848973/baykal_khan_hotel_olkhon,40
Хужир,guesthouse_dudeevukh,10367494,Меблированные комнаты Дудеевых,Dudeevukh,"улица Народная, д.  4, Хужир",https://ostrovok.ru/hotel/russia/irkutsk/mid10367494/guesthouse_dudeevukh,
Иркутск,north_star_hotel_9,10670964,Отель North Star,North Star Hotel,"улица Седова, 4, Иркутск",https://ostrovok.ru/hotel/russia/irkutsk/mid10670964/north_star_hotel_9,12
Иркутск,city_park_hotel_13,9987117,Меблированные комнаты City Park,City Park Living quarters,"улица Красных Мадьяр, 29, Иркутск",https://ostrovok.ru/hotel/russia/irkutsk/mid9987117/city_park_hotel_13,
Иркутск,7_dorog,7029576,Гостиница 7 дорог,7 Dorog Gostinitsa,"улица Ядринцева, д. 88, Иркутск",https://ostrovok.ru/hotel/russia/irkutsk/mid7029576/7_dorog,19
Иркутск,arena_g_irkutsk,8491921,Отель Арена Иркутск,Arena Irkutsk Hotel,"ул. Желябова, 8А, Иркутск",https://ostrovok.ru/hotel/russia/irkutsk/mid8491921/arena_g_irkutsk,15
Листвянка,parus_18,9996236,Курортный отель Парус,Parus Hotel,"улица Горького, д.93А, Листвянка",https://ostrovok.ru/hotel/russia/irkutsk/mid9996236/parus_18,17
Иркутск,inn_business_hall,8735100,Отель Business Hall,Business Hall Hotel,"улица Свердлова, д.10, Иркутск",https://ostrovok.ru/hotel/russia/irkutsk/mid8735100/inn_business_hall,18
Иркутск,minihotel_albatros,6481029,Гостиница Альбатрос,Albatros Hotel,"улица Ширямова, стр.15б/1, Иркутск",https://ostrovok.ru/hotel/russia/irkutsk/mid6481029/minihotel_albatros,12
Иркутск,international_hotel_sayen,7384846,SAYEN,SAYEN Hotel,"ул. Карла Маркса, 13Б, Иркутск",https://ostrovok.ru/hotel/russia/irkutsk/mid7384846/international_hotel_sayen,25
Иркутск,minihotel_panda,6479321,Отель ДиаДэй,DiaDey Hotel,"улица Профсоюзная, д. 10/2, Иркутск",https://ostrovok.ru/hotel/russia/irkutsk/mid6479321/minihotel_panda,9
