city,ota_hotel_id,master_id,name,name_en,address,url,rooms_number
Байкальск,grand_baikal,8481257,Отель Гранд Байкал,Grand Bajkal Hotel,"мкр. Красный Ключ, 91, Байкальск",https://ostrovok.ru/hotel/russia/irkutsk/mid8481257/grand_baikal,64
Братск,taiga_2,6923154,Отель Taiga,Taiga Hotel,"улица Мира, дом 35, Братск",https://ostrovok.ru/hotel/russia/irkutsk/mid6923154/taiga_2,101
Ангарск,hotel_angara,6715745,Отель Ангара-Приоритет,Angara-Prioritet Hotel,"Квартал Б, д.13, Ангарск",https://ostrovok.ru/hotel/russia/irkutsk/mid6715745/hotel_angara,31
Байкальск,sobolinka_parkhotel_2,9761022,Парк-отель Соболинка,Sobolinka Park-Hotel,"квартал Красный Ключ, д.90, Байкальск",https://ostrovok.ru/hotel/russia/irkutsk/mid9761022/sobolinka_parkhotel_2,38
Листвянка,bajkal_hotel,7965294,Отель Байкал,Hotel Baykal,"Академическая улица, 13, Листвянка",https://ostrovok.ru/hotel/russia/irkutsk/mid7965294/bajkal_hotel,72
Иркутск,victory_hotel_4,8457230,Гостиница Виктория,Viktoriya Hotel,"улица Богдана Хмельницкого, д.1 Иркутск, Россия, Иркутск",https://ostrovok.ru/hotel/russia/irkutsk/mid8457230/victory_hotel_4,30
Усть-Кут,flagman_hotel_4,9081483,Отель Флагман,Flagman Hotel,"Россия, Иркутская область, Усть-Кут, ул. Калинина, д. 8, Усть-Кут",https://ostrovok.ru/hotel/russia/irkutsk/mid9081483/flagman_hotel_4,13
Братск,klubnyij_kvartal_apartments,9081992,Клубный Квартал,Klubnyij Kvartal,"бульвар Победы, д.30, Братск",https://ostrovok.ru/hotel/russia/irkutsk/mid9081992/klubnyij_kvartal_apartments,67
Хужир,gostevoy_dom_sunrise,10485526,Sunrise,Sunrise,"Первомайская улица, 25А, Хужир",https://ostrovok.ru/hotel/russia/irkutsk/mid10485526/gostevoy_dom_sunrise,
Иркутск,tajga_hotel,9767827,Отель Тайга,Tajga Hotel,"улица Сурикова, д.4в, Иркутск",https://ostrovok.ru/hotel/russia/irkutsk/mid9767827/tajga_hotel,44
Никола,hotel_nikola_2,8748287,Отель Никола,Nikola Hotel,"Иркутская область, Листвянка, Байкальский тракт 64-й км, поселок Никола, улица Ангарская, д. 15, Никола",https://ostrovok.ru/hotel/russia/irkutsk/mid8748287/hotel_nikola_2,27
Усть-Илимск,gostinitsa_ustilim,7026078,Усть-Илим,Ust-Ilim,"пр-т Дружбы Народов, д. 2, Усть-Илимск",https://ostrovok.ru/hotel/russia/irkutsk/mid7026078/gostinitsa_ustilim,80
Листвянка,vera_baikal,13308776,Отель Вера Байкал,Vera Baykal Hotel,"улица Горького, 8, Листвянка",https://ostrovok.ru/hotel/russia/irkutsk/mid13308776/vera_baikal,38
Хужир,hotel_khotej,13330760,Отель Хотэй,Khotej Hotel,"Ольхонская улица, 10, Хужир",https://ostrovok.ru/hotel/russia/irkutsk/mid13330760/hotel_khotej,25
Иркутск,rus_hotel_irkutsk,7774831,Гостиничный Комплекс Русь,Rus Hotel,"улица Свердлова, д.19, Иркутск",https://ostrovok.ru/hotel/russia/irkutsk/mid7774831/rus_hotel_irkutsk,56
Листвянка,legend_of_baikal,7776712,Отель Легенда Байкала,Legenda Bajkala Hotel,"Улица Исток Ангары, д.11, Листвянка",https://ostrovok.ru/hotel/russia/irkutsk/mid7776712/legend_of_baikal,35
Листвянка,baykal_shale_guest_house,13431413,Байкал Шале,Baykal Shale,"улица Гудина, д.75, Листвянка",https://ostrovok.ru/hotel/russia/irkutsk/mid13431413/baykal_shale_guest_house,
Иркутск,kupechesky_dvor_hotel,8059354,Отель Купеческий Дворъ,Kupecheskij Dvor Hotel,"улица Седова, д.10, Иркутск",https://ostrovok.ru/hotel/russia/irkutsk/mid8059354/kupechesky_dvor_hotel,14
Листвянка,nebo_baykala_guest_house,10006764,Небо Байкала,Nebo Baykala,"улица Горького, д.133/2, Листвянка",https://ostrovok.ru/hotel/russia/irkutsk/mid10006764/nebo_baykala_guest_house,
Хужир,hotel_dacha_baikaleco,10010618,Семейный отель Дача БайкалЭко,Dacha BaikalEco Family Hotel,"улица Лесная, д. 32, Хужир",https://ostrovok.ru/hotel/russia/irkutsk/mid10010618/hotel_dacha_baikaleco,10
Листвянка,podlemorie_hotel,7679750,Отель Подлеморье,Podlemore Hotel,"улица Горького, д.31Б, Листвянка",https://ostrovok.ru/hotel/russia/irkutsk/mid7679750/podlemorie_hotel,14
Хужир,lada_8,8878913,Отель Гостиница ЛАДА,Gostinitsa LADA Hotel,"улица Таёжная, д.30, Хужир",https://ostrovok.ru/hotel/russia/irkutsk/mid8878913/lada_8,22
Листвянка,baykal_khan_listvyanka,10360512,Отель Ларч,Larch Hotel,"ул. Гудина, 22А, Листвянка",https://ostrovok.ru/hotel/russia/irkutsk/mid10360512/baykal_khan_listvyanka,18
Хужир,baikal_view_hotel,7681558,Baikal View Hotel,Baikal View Hotel,"улица Российская, д. 17, Хужир",https://ostrovok.ru/hotel/russia/irkutsk/mid7681558/baikal_view_hotel,99
Листвянка,parus_18,9996236,Курортный отель Парус,Parus Hotel,"улица Горького, д.93А, Листвянка",https://ostrovok.ru/hotel/russia/irkutsk/mid9996236/parus_18,17
Иркутск,hotel_premium_hotel_pushkin,13310309,Премиум-отель Пушкин,Pushkin Premium Hotel,"ул. Сухэ-Батора, 18, Иркутск",https://ostrovok.ru/hotel/russia/irkutsk/mid13310309/hotel_premium_hotel_pushkin,46
Иркутск,international_hotel_sayen,7384846,SAYEN,SAYEN Hotel,"ул. Карла Маркса, 13Б, Иркутск",https://ostrovok.ru/hotel/russia/irkutsk/mid7384846/international_hotel_sayen,25
Ангарск,meridian_7,6297237,Отель Меридиан,Meridian hotel,"26 квартал, дом 10, Ангарск",https://ostrovok.ru/hotel/russia/irkutsk/mid6297237/meridian_7,33
Листвянка,dauria_hotel_2,7685971,Отель Даурия,Dauria Hotel,"улица Куликова, д.44, Листвянка",https://ostrovok.ru/hotel/russia/irkutsk/mid7685971/dauria_hotel_2,4
Иркутск,arena_g_irkutsk,8491921,Отель Арена Иркутск,Arena Irkutsk Hotel,"ул. Желябова, 8А, Иркутск",https://ostrovok.ru/hotel/russia/irkutsk/mid8491921/arena_g_irkutsk,15
Большое Голоустное,momant_house_recreation_camp,13350897,Momant house,Momant house,"улица Харануты, д. 19В, Большое Голоустное",https://ostrovok.ru/hotel/russia/irkutsk/mid13350897/momant_house_recreation_camp,
Листвянка,gostinitsa_undina,9079103,Отель Ундина,Undina Hotel,"Ulitsa Kulikova,6, Листвянка",https://ostrovok.ru/hotel/russia/irkutsk/mid9079103/gostinitsa_undina,30
Иркутск,7_dorog,7029576,Гостиница 7 дорог,7 Dorog Gostinitsa,"улица Ядринцева, д. 88, Иркутск",https://ostrovok.ru/hotel/russia/irkutsk/mid7029576/7_dorog,19
Иркутск,city_park_hotel_13,9987117,Меблированные комнаты City Park,City Park Living quarters,"улица Красных Мадьяр, 29, Иркутск",https://ostrovok.ru/hotel/russia/irkutsk/mid9987117/city_park_hotel_13,
Иркутск,hotel_soyuz_2,8662950,Жилое помещение Союз,Living Quarters Soyuz,"проезд Юрия Тена, д.12/4, Иркутск",https://ostrovok.ru/hotel/russia/irkutsk/mid8662950/hotel_soyuz_2,84
Листвянка,guest_house_baykaliya,13428580,Байкалия,Baykaliya,"Горная улица, 15, Листвянка",https://ostrovok.ru/hotel/russia/irkutsk/mid13428580/guest_house_baykaliya,
Хужир,baykal_khan_hotel_olkhon,6848973,Отель Байкал-Хан Ольхон,Bajkal-Han Olhon Hotel,"улица Ворошилова, д. 18, Хужир",https://ostrovok.ru/hotel/russia/irkutsk/mid6848973/baykal_khan_hotel_olkhon,40
Иркутск,v_samom_tsentre_irkutska_minihotel,10664878,Отель В Сердце Иркутска,V Serdce Irkutska Hotel,"Киевская улица, д.34А, Иркутск",https://ostrovok.ru/hotel/russia/irkutsk/mid10664878/v_samom_tsentre_irkutska_minihotel,6
Иркутск,kheyvitsa_guest_house,11169967,Отель Гостевой Дом Хейвица,Gostevoj dom Kheyvitsa House,"улица Дзержинского, д. 44, Иркутск",https://ostrovok.ru/hotel/russia/irkutsk/mid11169967/kheyvitsa_guest_house,8
Иркутск,minihotel_panda,6479321,Отель ДиаДэй,DiaDey Hotel,"улица Профсоюзная, д. 10/2, Иркутск",https://ostrovok.ru/hotel/russia/irkutsk/mid6479321/minihotel_panda,9
